{"cameraMode":{"drawMode":0,"name":"Shaded","section":"Shading Mode"},"sceneLighting":false,"audioPlay":false,"sceneViewState":{"showFog":true,"showMaterialUpdate":false,"showSkybox":false,"showFlares":true,"showImageEffects":true,"showParticleSystems":true},"in2DMode":false,"pivot":{"x":-40.5220832824707,"y":14.903850555419922,"z":96.12158203125},"rotation":{"x":0.04684090241789818,"y":-0.9488860368728638,"z":0.16973453760147096,"w":0.2619933485984802},"size":55.127864837646487,"orthographic":false}