{"cameraMode":{"drawMode":0,"name":"Shaded","section":"Shading Mode"},"sceneLighting":false,"audioPlay":false,"sceneViewState":{"showFog":true,"showMaterialUpdate":false,"showSkybox":false,"showFlares":true,"showImageEffects":true,"showParticleSystems":true},"in2DMode":false,"pivot":{"x":-0.0002913475036621094,"y":-0.054498910903930667,"z":-0.00023674964904785156},"rotation":{"x":0.08713340014219284,"y":-0.38207870721817019,"z":0.036214303225278857,"w":0.9193002581596375},"size":3.726872444152832,"orthographic":false}