{"cameraMode":{"drawMode":0,"name":"Shaded","section":"Shading Mode"},"sceneLighting":true,"audioPlay":false,"sceneViewState":{"showFog":true,"showMaterialUpdate":false,"showSkybox":true,"showFlares":true,"showImageEffects":true,"showParticleSystems":true},"in2DMode":false,"pivot":{"x":-244.5606689453125,"y":154.86373901367188,"z":229.6568603515625},"rotation":{"x":-0.12941917777061463,"y":-0.10359644889831543,"z":0.013595258817076683,"w":-0.9860737323760986},"size":903.1639404296875,"orthographic":false}