{"cameraMode":{"drawMode":0,"name":"Shaded","section":"Shading Mode"},"sceneLighting":false,"audioPlay":false,"sceneViewState":{"showFog":true,"showMaterialUpdate":false,"showSkybox":false,"showFlares":true,"showImageEffects":true,"showParticleSystems":true},"in2DMode":false,"pivot":{"x":0.0,"y":-0.0000059604644775390628,"z":79.00000762939453},"rotation":{"x":-0.055363867431879047,"y":0.5945037603378296,"z":-0.04109031334519386,"w":-0.801142156124115},"size":60.01667022705078,"orthographic":false}