{"cameraMode":{"drawMode":0,"name":"Shaded","section":"Shading Mode"},"sceneLighting":false,"audioPlay":false,"sceneViewState":{"showFog":true,"showMaterialUpdate":false,"showSkybox":false,"showFlares":true,"showImageEffects":true,"showParticleSystems":true},"in2DMode":false,"pivot":{"x":0.0,"y":-0.00003528594970703125,"z":241.5000457763672},"rotation":{"x":-0.055363867431879047,"y":0.5945037603378296,"z":-0.04109031334519386,"w":-0.801142156124115},"size":660.2183227539063,"orthographic":false}