{"cameraMode":{"drawMode":0,"name":"Shaded","section":"Shading Mode"},"sceneLighting":false,"audioPlay":false,"sceneViewState":{"showFog":true,"showMaterialUpdate":false,"showSkybox":false,"showFlares":true,"showImageEffects":true,"showParticleSystems":true},"in2DMode":false,"pivot":{"x":34.94480895996094,"y":3.9563045501708986,"z":-11.871490478515625},"rotation":{"x":0.09563861042261124,"y":-0.15021353960037232,"z":0.014601378701627255,"w":0.9839109182357788},"size":101.1612777709961,"orthographic":false}